{"timestamps": [1497362725.264146, 1497362725.501093, 1497362725.608539, 1497362725.709067, 1497362725.809476, 1497362725.910349, 1497362726.010853, 1497362726.111412, 1497362729.824071, 1497362729.932911, 1497362730.039246, 1497362730.13971, 1497362730.240235, 1497362730.340786, 1497362730.441342, 1497362730.541914, 1497362730.642327, 1497362730.742695, 1497362730.843107, 1497362752.734651, 1497362752.843156, 1497362752.949464], "initial_reset_timestamp": 1497362693.543266, "episode_types": ["t", "t", "t", "t", "t", "t", "t", "t", "t", "t", "t", "t", "t", "t", "t", "t", "t", "t", "t", "t", "t", "t", "t", "t"], "episode_lengths": [96, 1, 1, 1, 1, 1, 1, 1, 37, 1, 1, 1, 1, 1, 1, 1, 1, 1, 1, 217, 1, 1], "episode_rewards": [-279.7826950108189, -2.98933625797473, -2.999762947568626, -2.9997791066250583, -2.899155527299959, -2.9992083838546133, -2.9996559925091786, -2.987717392502221, -110.99357317728692, -2.9988147528035087, -2.985987703866421, -2.9892599840800105, -2.995713804721003, -2.9985961552453206, -2.956774547182519, -2.9964986655818437, -2.9986842509384144, -2.9395625393199287, -2.9454234080118513, -650.5085102204815, -2.999638515952108, -2.9999758166143065]}